{
  "num_samples": 100,
  "accuracy": 0.16,
  "legal_move_rate": 0.73,
  "accuracy_by_rating": {
    "1200-1600": 0.045454545454545456,
    "1600-2000": 0.038461538461538464,
    "200-800": 0.3333333333333333,
    "2000-2400": 0.3157894736842105,
    "2400-2800": 0.5,
    "800-1200": 0.17391304347826086
  }
}